{
  "group": "misc",
  "type": "minecraft:crafting_shaped",
  "pattern": [
    "012",
    "345",
    "678"
  ],
  "key": {
    "0": {
      "item": "minecraft:emerald"
    },
    "1": {
      "item": "minecraft:diamond"
    },
    "2": {
      "item": "minecraft:emerald"
    },
    "3": {
      "item": "minecraft:diamond"
    },
    "4": {
      "item": "minecraft:golden_apple"
    },
    "5": {
      "item": "minecraft:diamond"
    },
    "6": {
      "item": "minecraft:emerald"
    },
    "7": {
      "item": "minecraft:diamond"
    },
    "8": {
      "item": "minecraft:emerald"
    }
  },
  "result": {
    "item": "relife:resurrector",
    "count": 1
  }
}