{
  "schemaVersion": 1,
  "id": "relife",
  "version": "0.1.2",
  "name": "ReLife",
  "description": "Allows you to revive dead players in your hardcore server!",
  "authors": [
    "ReLife Team"
  ],
  "contact": {
    "homepage": "https://www.curseforge.com/minecraft/mc-mods/relife",
    "sources": ""
  },
  "license": "GNU General Public License version 3 (GPLv3)",
  "environment": "*",
  "entrypoints": {
    "main": [
      "mc.relife.java.RelifeMod"
    ],
    "client": [
      "mc.relife.java.ClientInit"
    ]
  },
  "depends": {
    "fabricloader": ">=0.14.9",
    "fabric": "*",
    "minecraft": "~1.19",
    "java": ">=17"
  },
  "mixins": [
    "relife.mixins.json"
  ]
}